day,return
2017/12/31,0
2017/12/30,0
2017/12/29,0.00297544
2017/12/28,0.0069375
2017/12/27,-0.01539709
2017/12/26,0.00298945
2017/12/25,-0.00322054
2017/12/24,0
2017/12/23,0
2017/12/22,-0.0032575
2017/12/21,0.0092691
2017/12/20,-0.00119916
2017/12/19,0.01255567
2017/12/18,0.00111408
2017/12/17,0
2017/12/16,0
2017/12/15,-0.01125044
2017/12/14,-0.00591122
2017/12/13,0.00848527
2017/12/12,-0.01314265
2017/12/11,0.0165163
2017/12/10,0
2017/12/9,0
2017/12/8,0.00813939
2017/12/7,-0.01114691
2017/12/6,-0.00602673
2017/12/5,0.00530325
2017/12/4,0.00518241
2017/12/3,0
2017/12/2,0
2017/12/1,-0.00198747
2017/11/30,-0.01175553
2017/11/29,-0.00051062
2017/11/28,0.00145088
2017/11/27,-0.01321938
2017/11/26,0
2017/11/25,0
2017/11/24,0.00044023
2017/11/23,-0.02960805
2017/11/22,0.00233895
2017/11/21,0.01782625
2017/11/20,0.005577
2017/11/19,0
2017/11/18,0
2017/11/17,0.00385845
2017/11/16,0.0076938
2017/11/15,-0.00626465
2017/11/14,-0.00695773
2017/11/13,0.00393053
2017/11/12,0
2017/11/11,0
2017/11/10,0.0088351
2017/11/9,0.0068908
2017/11/8,-0.00153937
2017/11/7,0.00829592
2017/11/6,0.00706089
2017/11/5,0
2017/11/4,0
2017/11/3,-0.0011098
2017/11/2,0.00012811
2017/11/1,-0.00251977
2017/10/31,-0.00074918
2017/10/30,-0.00304478
2017/10/29,0
2017/10/28,0
2017/10/27,0.00710967
2017/10/26,0.00418059
2017/10/25,0.00443351
2017/10/24,0.00727511
2017/10/23,0.00100488
2017/10/22,0
2017/10/21,0
2017/10/20,-0.00111873
2017/10/19,-0.00327395
2017/10/18,0.00794619
2017/10/17,-0.00009633
2017/10/16,-0.00192706
2017/10/15,0
2017/10/14,0
2017/10/13,0.00205676
2017/10/12,0.00263075
2017/10/11,0.00329652
2017/10/10,0.00197207
2017/10/9,0.01191372
2017/10/8,0
2017/10/7,0
2017/10/6,0
2017/10/5,0
2017/10/4,0
2017/10/3,0
2017/10/2,0
2017/10/1,0
2017/9/30,0
2017/9/29,0.00365255
2017/9/28,0.00035041
2017/9/27,0.0001094
2017/9/26,0.00078318
2017/9/25,-0.00519526
2017/9/24,0
2017/9/23,0
2017/9/22,-0.00002293
2017/9/21,-0.00120158
2017/9/20,0.00269277
2017/9/19,-0.00286927
2017/9/18,0.0030919
2017/9/17,0
2017/9/16,0
2017/9/15,0.0003504
2017/9/14,-0.0032923
2017/9/13,0.00121732
2017/9/12,0.00321227
2017/9/11,-0.00009017
2017/9/10,0
2017/9/9,0
2017/9/8,-0.00101335
2017/9/7,-0.00508618
2017/9/6,-0.00196938
2017/9/5,0.00297222
2017/9/4,0.00393626
2017/9/3,0
2017/9/2,0
2017/9/1,0.00220952
2017/8/31,-0.00318389
2017/8/30,-0.00006181
2017/8/29,-0.00212714
2017/8/28,0.01237119
2017/8/27,0
2017/8/26,0
2017/8/25,0.01636246
2017/8/24,-0.0057086
2017/8/23,0.00101005
2017/8/22,0.00302166
2017/8/21,0.00438132
2017/8/20,0
2017/8/19,0
2017/8/18,0.00091313
2017/8/17,0.00536443
2017/8/16,-0.00125093
2017/8/15,0.00307848
2017/8/14,0.01297737
2017/8/13,0
2017/8/12,0
2017/8/11,-0.0184533
2017/8/10,-0.00405329
2017/8/9,-0.00031322
2017/8/8,0.0014538
2017/8/7,0.00518263
2017/8/6,0
2017/8/5,0
2017/8/4,-0.00543105
2017/8/3,-0.00878178
2017/8/2,-0.00252759
2017/8/1,0.00869746
2017/7/31,0.00429405
2017/7/30,0
2017/7/29,0
2017/7/28,0.00261193
2017/7/27,0.00183705
2017/7/26,-0.00380986
2017/7/25,-0.00638712
2017/7/24,0.00398836
2017/7/23,0
2017/7/22,0
2017/7/21,-0.00514584
2017/7/20,0.0048628
2017/7/19,0.01706106
2017/7/18,0.00098893
2017/7/17,-0.01067648
2017/7/16,0
2017/7/15,0
2017/7/14,0.00438659
2017/7/13,0.00767924
2017/7/12,-0.00326495
2017/7/11,0.00468623
2017/7/10,-0.00061325
2017/7/9,0
2017/7/8,0
2017/7/7,-0.00113877
2017/7/6,0.00011394
2017/7/5,0.01096579
2017/7/4,-0.00845338
2017/7/3,-0.00435039
2017/7/2,0
2017/7/1,0
2017/6/30,-0.00055331
2017/6/29,0.00621502
2017/6/28,-0.00776877
2017/6/27,0.00180557
2017/6/26,0.01247874
2017/6/25,0
2017/6/24,0
2017/6/23,0.0090632
2017/6/22,0.00066556
2017/6/21,0.0116907
2017/6/20,-0.00201792
2017/6/19,0.0099194
2017/6/18,0
2017/6/17,0
2017/6/16,-0.0028429
2017/6/15,-0.0018403
2017/6/14,-0.01311125
2017/6/13,0.00220401
2017/6/12,-0.00049802
2017/6/11,0
2017/6/10,0
2017/6/9,0.00426596
2017/6/8,0.00767062
2017/6/7,0.01173529
2017/6/6,0.00695581
2017/6/5,-0.00509192
2017/6/4,0
2017/6/3,0
2017/6/2,-0.00321093
2017/6/1,0.0013894
2017/5/31,0.00357714
2017/5/30,0
2017/5/29,0
2017/5/28,0
2017/5/27,0
2017/5/26,-0.00149843
2017/5/25,0.01795794
2017/5/24,-0.00000789
2017/5/23,0.00379774
2017/5/22,0.00217107
2017/5/21,0
2017/5/20,0
2017/5/19,0.001688
2017/5/18,-0.00347599
2017/5/17,-0.00544909
2017/5/16,0.00866529
2017/5/15,0.00408078
2017/5/14,0
2017/5/13,0
2017/5/12,0.00856003
2017/5/11,0.00567606
2017/5/10,-0.00442382
2017/5/9,-0.00187001
2017/5/8,-0.00701749
2017/5/7,0
2017/5/6,0
2017/5/5,-0.00641408
2017/5/4,-0.00256129
2017/5/3,-0.00392491
2017/5/2,-0.00383051
2017/5/1,0
2017/4/30,0
2017/4/29,0
2017/4/28,-0.00202134
2017/4/27,0.00044613
2017/4/26,0.0012232
2017/4/25,0.00283132
2017/4/24,-0.01024811
2017/4/23,0
2017/4/22,0
2017/4/21,0.00151348
2017/4/20,0.00454805
2017/4/19,-0.00487099
2017/4/18,-0.00494232
2017/4/17,-0.0018824
2017/4/16,0
2017/4/15,0
2017/4/14,-0.0079842
2017/4/13,0.00146092
2017/4/12,-0.0022429
2017/4/11,0.00347747
2017/4/10,-0.00350366
2017/4/9,0
2017/4/8,0
2017/4/7,0.0009721
2017/4/6,0.00289792
2017/4/5,0.01384443
2017/4/4,0
2017/4/3,0
2017/4/2,0
2017/4/1,0
2017/3/31,0.00561227
2017/3/30,-0.00820589
2017/3/29,-0.00133033
2017/3/28,-0.00236628
2017/3/27,-0.00331299
2017/3/26,0
2017/3/25,0
2017/3/24,0.00797868
2017/3/23,0.00345734
2017/3/22,-0.00470149
2017/3/21,0.00485098
2017/3/20,0.00110511
2017/3/19,0
2017/3/18,0
2017/3/17,-0.01025475
2017/3/16,0.00515729
2017/3/15,0.00201088
2017/3/14,-0.00040629
2017/3/13,0.00881183
2017/3/12,0
2017/3/11,0
2017/3/10,0.00027663
2017/3/9,-0.0063174
2017/3/8,-0.00151305
2017/3/7,0.0021683
2017/3/6,0.00543225
2017/3/5,0
2017/3/4,0
2017/3/3,-0.00210562
2017/3/2,-0.00674929
2017/3/1,0.00162998
2017/2/28,0.00191137
2017/2/27,-0.00795342
2017/2/26,0
2017/2/25,0
2017/2/24,0.00015202
2017/2/23,-0.00470892
2017/2/22,0.00199091
2017/2/21,0.00329263
2017/2/20,0.0145994
2017/2/19,0
2017/2/18,0
2017/2/17,-0.00566445
2017/2/16,0.00561707
2017/2/15,-0.00410122
2017/2/14,-0.00013707
2017/2/13,0.00667587
2017/2/12,0
2017/2/11,0
2017/2/10,0.00506287
2017/2/9,0.0038436
2017/2/8,0.00523014
2017/2/7,-0.00222933
2017/2/6,0.00258969
2017/2/5,0
2017/2/4,0
2017/2/3,-0.00692718
2017/2/2,0
2017/2/1,0
2017/1/31,0
2017/1/30,0
2017/1/29,0
2017/1/28,0
2017/1/27,0
2017/1/26,0.00357149
2017/1/25,0.00340412
2017/1/24,0.00010999
2017/1/23,0.00273988
2017/1/22,0
2017/1/21,0
2017/1/20,0.00768933
2017/1/19,-0.00301734
2017/1/18,0.00391089
2017/1/17,0.00208167
2017/1/16,-0.00014037
2017/1/15,0
2017/1/14,0
2017/1/13,0.00068965
2017/1/12,-0.00505954
2017/1/11,-0.00708013
2017/1/10,-0.00167335
2017/1/9,0.00484935
2017/1/8,0
2017/1/7,0
2017/1/6,-0.00597484
2017/1/5,-0.00015527
2017/1/4,0.00780468
2017/1/3,0.00971154
2017/1/2,0
2017/1/1,0
2016/12/31,0
2016/12/30,0.00373465
2016/12/29,-0.00124898
2016/12/28,-0.00437102
2016/12/27,-0.00181074
2016/12/26,0.00447515
2016/12/25,0
2016/12/24,0
2016/12/23,-0.008416
2016/12/22,-0.00085786
2016/12/21,0.00890645
2016/12/20,-0.00598351
2016/12/19,-0.00509499
2016/12/18,0
2016/12/17,0
2016/12/16,0.00167553
2016/12/15,-0.01139734
2016/12/14,-0.00766247
2016/12/13,-0.00121525
2016/12/12,-0.0241924
2016/12/11,0
2016/12/10,0
2016/12/9,0.00678848
2016/12/8,-0.00161232
2016/12/7,0.00479713
2016/12/6,-0.00295555
2016/12/5,-0.01687412
2016/12/4,0
2016/12/3,0
2016/12/2,-0.0101208
2016/12/1,0.00764132
2016/11/30,-0.00730603
2016/11/29,0.00819189
2016/11/28,0.00391418
2016/11/27,0
2016/11/26,0
2016/11/25,0.00933231
2016/11/24,0.00403226
2016/11/23,0.00183516
2016/11/22,0.00791983
2016/11/21,0.00692211
2016/11/20,0
2016/11/19,0
2016/11/18,-0.0055521
2016/11/17,0.00202444
2016/11/16,-0.00008105
2016/11/15,-0.0001102
2016/11/14,0.00381216
2016/11/13,0
2016/11/12,0
2016/11/11,0.00784785
2016/11/10,0.01120083
2016/11/9,-0.00535816
2016/11/8,0.0043276
2016/11/7,0.00072059
2016/11/6,0
2016/11/5,0
2016/11/4,-0.00324212
2016/11/3,0.00951985
2016/11/2,-0.00765097
2016/11/1,0.00682617
2016/10/31,-0.00115205
2016/10/30,0
2016/10/29,0
2016/10/28,-0.00166453
2016/10/27,-0.00271402
2016/10/26,-0.00375803
2016/10/25,-0.00003652
2016/10/24,0.01197149
2016/10/23,0
2016/10/22,0
2016/10/21,0.00275296
2016/10/20,0.00071255
2016/10/19,-0.00153282
2016/10/18,0.01325644
2016/10/17,-0.00846046
2016/10/16,0
2016/10/15,0
2016/10/14,0.00096953
2016/10/13,0.00079879
2016/10/12,-0.00198001
2016/10/11,0.00385201
2016/10/10,0.01247478
2016/10/9,0
2016/10/8,0
2016/10/7,0
2016/10/6,0
2016/10/5,0
2016/10/4,0
2016/10/3,0
2016/10/2,0
2016/10/1,0
2016/9/30,0.00274258
2016/9/29,0.00417749
2016/9/28,-0.00304404
2016/9/27,0.00635689
2016/9/26,-0.0169074
2016/9/25,0
2016/9/24,0
2016/9/23,-0.00469566
2016/9/22,0.00749548
2016/9/21,0.00283447
2016/9/20,-0.00175323
2016/9/19,0.00753196
2016/9/18,0
2016/9/17,0
2016/9/16,0
2016/9/15,0
2016/9/14,-0.00662601
2016/9/13,-0.00069607
2016/9/12,-0.01670864
2016/9/11,0
2016/9/10,0
2016/9/9,-0.00644395
2016/9/8,-0.00037506
2016/9/7,-0.00054119
2016/9/6,0.00691211
2016/9/5,0.00167948
2016/9/4,0
2016/9/3,0
2016/9/2,0.00379728
2016/9/1,-0.00787819
2016/8/31,0.00477266
2016/8/30,0.00127155
2016/8/29,0.00020895
2016/8/28,0
2016/8/27,0
2016/8/26,-0.00056876
2016/8/25,-0.00627383
2016/8/24,-0.00358097
2016/8/23,0.00150893
2016/8/22,-0.00838777
2016/8/21,0
2016/8/20,0
2016/8/19,0.00015901
2016/8/18,-0.00253865
2016/8/17,-0.00153837
2016/8/16,-0.00447306
2016/8/15,0.03011019
2016/8/14,0
2016/8/13,0
2016/8/12,0.01882686
2016/8/11,-0.00307738
2016/8/10,-0.00418793
2016/8/9,0.00704908
2016/8/8,0.00907083
2016/8/7,0
2016/8/6,0
2016/8/5,0.00119358
2016/8/4,0.00243682
2016/8/3,0.00139665
2016/8/2,0.00385418
2016/8/1,-0.00846492
2016/7/31,0
2016/7/30,0
2016/7/29,-0.0053419
2016/7/28,0.00089925
2016/7/27,-0.01570381
2016/7/26,0.01197907
2016/7/25,0.00177448
2016/7/24,0
2016/7/23,0
2016/7/22,-0.00841224
2016/7/21,0.00460773
2016/7/20,-0.00327224
2016/7/19,-0.00422683
2016/7/18,-0.00435128
2016/7/17,0
2016/7/16,0
2016/7/15,-0.00014832
2016/7/14,-0.00185935
2016/7/13,0.0029592
2016/7/12,0.02180606
2016/7/11,0.00346148
2016/7/10,0
2016/7/9,0
2016/7/8,-0.005506
2016/7/7,-0.00212944
2016/7/6,0.00293729
2016/7/5,0.00083846
2016/7/4,0.01600913
2016/7/3,0
2016/7/2,0
2016/7/1,0.00008846
2016/6/30,0.00080314
2016/6/29,0.00477904
2016/6/28,0.00508149
2016/6/27,0.01410036
2016/6/26,0
2016/6/25,0
2016/6/24,-0.01288351
2016/6/23,-0.00531085
2016/6/22,0.00889896
2016/6/21,-0.00204197
2016/6/20,0.00074493
2016/6/19,0
2016/6/18,0
2016/6/17,0.00506741
2016/6/16,-0.00696099
2016/6/15,0.01312914
2016/6/14,0.00314446
2016/6/13,-0.03086139
2016/6/12,0
2016/6/11,0
2016/6/10,0
2016/6/9,0
2016/6/8,-0.00411324
2016/6/7,-0.00054549
2016/6/6,-0.00330415
2016/6/5,0
2016/6/4,0
2016/6/3,0.00701778
2016/6/2,0.00207338
2016/6/1,-0.00284361
2016/5/31,0.03353757
2016/5/30,0.00137502
2016/5/29,0
2016/5/28,0
2016/5/27,-0.00055871
2016/5/26,0.0016295
2016/5/25,-0.00141339
2016/5/24,-0.00766611
2016/5/23,0.00292539
2016/5/22,0
2016/5/21,0
2016/5/20,0.00513241
2016/5/19,-0.00180441
2016/5/18,-0.00582918
2016/5/17,-0.00299938
2016/5/16,0.00662583
2016/5/15,0
2016/5/14,0
2016/5/13,-0.00491952
2016/5/12,0.00237705
2016/5/11,0.00446285
2016/5/10,0.00114072
2016/5/9,-0.02068105
2016/5/8,0
2016/5/7,0
2016/5/6,-0.02600127
2016/5/5,0.00138933
2016/5/4,-0.00126932
2016/5/3,0.01799163
2016/5/2,0
2016/5/1,0
2016/4/30,0
2016/4/29,-0.0012137
2016/4/28,-0.00168514
2016/4/27,-0.00416619
2016/4/26,0.00541677
2016/4/25,-0.00405304
2016/4/24,0
2016/4/23,0
2016/4/22,0.00452382
2016/4/21,-0.00642026
2016/4/20,-0.01768735
2016/4/19,0.003051
2016/4/18,-0.0133708
2016/4/17,0
2016/4/16,0
2016/4/15,-0.0011072
2016/4/14,0.00443033
2016/4/13,0.01333965
2016/4/12,-0.00360547
2016/4/11,0.01392775
2016/4/10,0
2016/4/9,0
2016/4/8,-0.00734243
2016/4/7,-0.01480816
2016/4/6,-0.00213142
2016/4/5,0.01321924
2016/4/4,0
2016/4/3,0
2016/4/2,0
2016/4/1,0.001183
2016/3/31,0.0005637
2016/3/30,0.02579089
2016/3/29,-0.0108268
2016/3/28,-0.0087838
2016/3/27,0
2016/3/26,0
2016/3/25,0.00501783
2016/3/24,-0.01676127
2016/3/23,0.00319364
2016/3/22,-0.00727726
2016/3/21,0.02442462
2016/3/20,0
2016/3/19,0
2016/3/18,0.01528677
2016/3/17,0.01105846
2016/3/16,0.00496068
2016/3/15,0.00296507
2016/3/14,0.01570628
2016/3/13,0
2016/3/12,0
2016/3/11,0.00170519
2016/3/10,-0.01912851
2016/3/9,-0.01150893
2016/3/8,0.00091245
2016/3/7,0.00353923
2016/3/6,0
2016/3/5,0
2016/3/4,0.01159683
2016/3/3,0.00232325
2016/3/2,0.04116397
2016/3/1,0.01849787
2016/2/29,-0.02393598
2016/2/28,0
2016/2/27,0
2016/2/26,0.01003203
2016/2/25,-0.06135785
2016/2/24,0.00653274
2016/2/23,-0.00946016
2016/2/22,0.02204854
2016/2/21,0
2016/2/20,0
2016/2/19,-0.00069228
2016/2/18,-0.00314071
2016/2/17,0.00865482
2016/2/16,0.03065388
2016/2/15,-0.00576357
2016/2/14,0
2016/2/13,0
2016/2/12,0
2016/2/11,0
2016/2/10,0
2016/2/9,0
2016/2/8,0
2016/2/7,0
2016/2/6,0
2016/2/5,-0.00702603
2016/2/4,0.01225006
2016/2/3,-0.00428692
2016/2/2,0.02078077
2016/2/1,-0.01528874
2016/1/31,0
2016/1/30,0
2016/1/29,0.03235525
2016/1/28,-0.02613884
2016/1/27,-0.00345416
2016/1/26,-0.06020577
2016/1/25,0.00495365
2016/1/24,0
2016/1/23,0
2016/1/22,0.01042337
2016/1/21,-0.02930747
2016/1/20,-0.01512414
2016/1/19,0.02951262
2016/1/18,0.0038474
2016/1/17,0
2016/1/16,0
2016/1/15,-0.03192262
2016/1/14,0.02081575
2016/1/13,-0.01860584
2016/1/12,0.00728594
2016/1/11,-0.05030785
2016/1/10,0
2016/1/9,0
2016/1/8,0.02039198
2016/1/7,-0.06933257
2016/1/6,0.01754293
2016/1/5,0.00280018
2016/1/4,-0.07020602
2016/1/3,0
2016/1/2,0
2016/1/1,0
2015/12/31,-0.00907528
2015/12/30,0.00087722
2015/12/29,0.00918626
2015/12/28,-0.02880751
2015/12/27,0
2015/12/26,0
2015/12/25,0.00229775
2015/12/24,-0.00956424
2015/12/23,-0.00267029
2015/12/22,0.00278533
2015/12/21,0.02602289
2015/12/20,0
2015/12/19,0
2015/12/18,0.00320164
2015/12/17,0.01911522
2015/12/16,-0.00242232
2015/12/15,-0.00456253
2015/12/14,0.0286201
2015/12/13,0
2015/12/12,0
2015/12/11,-0.00414702
2015/12/10,-0.00353526
2015/12/9,0.00356553
2015/12/8,-0.01751461
2015/12/7,0.00272325
2015/12/6,0
2015/12/5,0
2015/12/4,-0.01912544
2015/12/3,0.00734668
2015/12/2,0.03626671
2015/12/1,0.00708948
2015/11/30,0.00264831
2015/11/29,0
2015/11/28,0
2015/11/27,-0.05384781
2015/11/26,-0.0058647
2015/11/25,0.00738381
2015/11/24,0.0001476
2015/11/23,-0.00557654
2015/11/22,0
2015/11/21,0
2015/11/20,-0.00015523
2015/11/19,0.01598378
2015/11/18,-0.01138973
2015/11/17,-0.00152466
2015/11/16,0.00477385
2015/11/15,0
2015/11/14,0
2015/11/13,-0.01293223
2015/11/12,-0.00999623
2015/11/11,0.00010644
2015/11/10,-0.00185321
2015/11/9,0.01238502
2015/11/8,0
2015/11/7,0
2015/11/6,0.02358465
2015/11/5,0.02133972
2015/11/4,0.04704814
2015/11/3,-0.00301183
2015/11/2,-0.01644474
2015/11/1,0
2015/10/31,0
2015/10/30,0.00021849
2015/10/29,0.00237934
2015/10/28,-0.01891491
2015/10/27,0.00100801
2015/10/26,0.00504587
2015/10/25,0
2015/10/24,0
2015/10/23,0.01325196
2015/10/22,0.01476425
2015/10/21,-0.02919443
2015/10/20,0.01231431
2015/10/19,0.00003311
2015/10/18,0
2015/10/17,0
2015/10/16,0.01355105
2015/10/15,0.02369358
2015/10/14,-0.01130058
2015/10/13,-0.00076863
2015/10/12,0.03220756
2015/10/11,0
2015/10/10,0
2015/10/9,0.01323654
2015/10/8,0.02920247
2015/10/7,0
2015/10/6,0
2015/10/5,0
2015/10/4,0
2015/10/3,0
2015/10/2,0
2015/10/1,0
2015/9/30,0.00757946
2015/9/29,-0.01970487
2015/9/28,0.00334194
2015/9/27,0
2015/9/26,0
2015/9/25,-0.01614856
2015/9/24,0.00673332
2015/9/23,-0.0227617
2015/9/22,0.00930493
2015/9/21,0.0175236
2015/9/20,0
2015/9/19,0
2015/9/18,0.00440964
2015/9/17,-0.02183245
2015/9/16,0.04981105
2015/9/15,-0.03928522
2015/9/14,-0.01973477
2015/9/13,0
2015/9/12,0
2015/9/11,-0.00308944
2015/9/10,-0.01228016
2015/9/9,0.01958055
2015/9/8,0.02570016
2015/9/7,-0.03426998
2015/9/6,0
2015/9/5,0
2015/9/4,0
2015/9/3,0
2015/9/2,0.00111508
2015/9/1,-0.00132272
2015/8/31,0.00725551
2015/8/30,0
2015/8/29,0
2015/8/28,0.0426274
2015/8/27,0.05947268
2015/8/26,-0.00566395
2015/8/25,-0.07101346
2015/8/24,-0.08747704
2015/8/23,0
2015/8/22,0
2015/8/21,-0.0457052
2015/8/20,-0.0320838
2015/8/19,0.01587385
2015/8/18,-0.06190974
2015/8/17,0.00106345
2015/8/16,0
2015/8/15,0
2015/8/14,-0.00047185
2015/8/13,0.01477469
2015/8/12,-0.0124286
2015/8/11,-0.00433262
2015/8/10,0.04541144
2015/8/9,0
2015/8/8,0
2015/8/7,0.01959705
2015/8/6,-0.00906359
2015/8/5,-0.0205805
2015/8/4,0.03105581
2015/8/3,0.00328451
2015/8/2,0
2015/8/1,0
2015/7/31,0.00033732
2015/7/30,-0.02925087
2015/7/29,0.03129968
2015/7/28,-0.00200014
2015/7/27,-0.08561401
2015/7/26,0
2015/7/25,0
2015/7/24,-0.01753221
2015/7/23,0.0225262
2015/7/22,-0.00212338
2015/7/21,0.00129644
2015/7/20,0.00219583
2015/7/19,0
2015/7/18,0
2015/7/17,0.03856049
2015/7/16,0.00771335
2015/7/15,-0.03535621
2015/7/14,-0.02366274
2015/7/13,0.02563121
2015/7/12,0
2015/7/11,0
2015/7/10,0.05360442
2015/7/9,0.06404192
2015/7/8,-0.0674554
2015/7/7,-0.01763995
2015/7/6,0.02898158
2015/7/5,0
2015/7/4,0
2015/7/3,-0.05406018
2015/7/2,-0.03409929
2015/7/1,-0.04917887
2015/6/30,0.06714678
2015/6/29,-0.03335782
2015/6/28,0
2015/6/27,0
2015/6/26,-0.07868262
2015/6/25,-0.0355749
2015/6/24,0.01964756
2015/6/23,0.03214089
2015/6/22,0
2015/6/21,0
2015/6/20,0
2015/6/19,-0.05952623
2015/6/18,-0.04053101
2015/6/17,0.01461256
2015/6/16,-0.02994465
2015/6/15,-0.02135812
2015/6/14,0
2015/6/13,0
2015/6/12,0.00537539
2015/6/11,-0.00047503
2015/6/10,-0.00157011
2015/6/9,-0.00677843
2015/6/8,0.02355373
2015/6/7,0
2015/6/6,0
2015/6/5,0.00948312
2015/6/4,0.00735401
2015/6/3,-0.00354135
2015/6/2,0.016881
2015/6/1,0.04861771
2015/5/31,0
2015/5/30,0
2015/5/29,0.00141125
2015/5/28,-0.06705229
2015/5/27,-0.00336301
2015/5/26,0.01949664
2015/5/25,0.02992324
2015/5/24,0
2015/5/23,0
2015/5/22,0.02279685
2015/5/21,0.01809852
2015/5/20,0.00500864
2015/5/19,0.03411524
2015/5/18,-0.00916736
2015/5/17,0
2015/5/16,0
2015/5/15,-0.01772217
2015/5/14,-0.00374234
2015/5/13,-0.00610542
2015/5/12,0.01212847
2015/5/11,0.02898558
2015/5/10,0
2015/5/9,0
2015/5/8,0.01975688
2015/5/7,-0.0182807
2015/5/6,-0.0094652
2015/5/5,-0.0398735
2015/5/4,0.00796966
2015/5/3,0
2015/5/2,0
2015/5/1,0
2015/4/30,-0.00511905
2015/4/29,0.00684647
2015/4/28,-0.01367233
2015/4/27,0.02231746
2015/4/26,0
2015/4/25,0
2015/4/24,-0.00806831
2015/4/23,0.00022744
2015/4/22,0.02611944
2015/4/21,0.02150525
2015/4/20,-0.01614769
2015/4/19,0
2015/4/18,0
2015/4/17,0.01829825
2015/4/16,0.03036927
2015/4/15,-0.01299428
2015/4/14,0.00387033
2015/4/13,0.01764495
2015/4/12,0
2015/4/11,0
2015/4/10,0.0193044
2015/4/9,-0.00783672
2015/4/8,0.00839404
2015/4/7,0.0214615
2015/4/6,0
2015/4/5,0
2015/4/4,0
2015/4/3,0.01109442
2015/4/2,0.00021363
2015/4/1,0.01794306
2015/3/31,-0.00904413
2015/3/30,0.02932777
2015/3/29,0
2015/3/28,0
2015/3/27,0.00549317
2015/3/26,0.00243299
2015/3/25,-0.00821385
2015/3/24,0.00024798
2015/3/23,0.02042016
2015/3/22,0
2015/3/21,0
2015/3/20,0.01376005
2015/3/19,-0.0016422
2015/3/18,0.02367051
2015/3/17,0.0138844
2015/3/16,0.02432901
2015/3/15,0
2015/3/14,0
2015/3/13,0.00690623
2015/3/12,0.01934687
2015/3/11,0.0011481
2015/3/10,-0.0048446
2015/3/9,0.01702736
2015/3/8,0
2015/3/7,0
2015/3/6,-0.0050979
2015/3/5,-0.00976486
2015/3/4,0.00653439
2015/3/3,-0.02592561
2015/3/2,0.00795501
2015/3/1,0
2015/2/28,0
2015/2/27,0.00183608
2015/2/26,0.02517184
2015/2/25,-0.01237621
2015/2/24,0
2015/2/23,0
2015/2/22,0
2015/2/21,0
2015/2/20,0
2015/2/19,0
2015/2/18,0
2015/2/17,0.00652639
2015/2/16,0.00854653
2015/2/15,0
2015/2/14,0
2015/2/13,0.00782892
2015/2/12,0.00254796
2015/2/11,0.00797812
2015/2/10,0.01823773
2015/2/9,0.01011375
2015/2/8,0
2015/2/7,0
2015/2/6,-0.0161945
2015/2/5,-0.01023644
2015/2/4,-0.01037893
2015/2/3,0.02489147
2015/2/2,-0.02341901
2015/2/1,0
2015/1/31,0
2015/1/30,-0.01361595
2015/1/29,-0.01234639
2015/1/28,-0.01387663
2015/1/27,-0.00916135
2015/1/26,0.01014998
2015/1/25,0
2015/1/24,0
2015/1/23,0.00115455
2015/1/22,0.00527715
2015/1/21,0.04495083
2015/1/20,0.01223997
2015/1/19,-0.07702332
2015/1/18,0
2015/1/17,0
2015/1/16,0.0086082
2015/1/15,0.02903647
2015/1/14,-0.00330588
2015/1/13,0.00013206
2015/1/12,-0.00934581
2015/1/11,0
2015/1/10,0
2015/1/9,-0.00352208
2015/1/8,-0.02319865
2015/1/7,0.00075006
2015/1/6,-0.00013236
2015/1/5,0.03051641
2015/1/4,0
2015/1/3,0
2015/1/2,0
2015/1/1,0
2014/12/31,0.02202453
2014/12/30,0.00060745
2014/12/29,0.00279061
2014/12/28,0
2014/12/27,0
2014/12/26,0.03310529
2014/12/25,0.03251439
2014/12/24,-0.02843343
2014/12/23,-0.0204912
2014/12/22,0.0033442
2014/12/21,0
2014/12/20,0
2014/12/19,0.01112995
2014/12/18,-0.00436559
2014/12/17,0.01731427
2014/12/16,0.02678517
2014/12/15,0.00751622
2014/12/14,0
2014/12/13,0
2014/12/12,0.00320922
2014/12/11,-0.01196134
2014/12/10,0.03689611
2014/12/9,-0.04487345
2014/12/8,0.04096023
2014/12/7,0
2014/12/6,0
2014/12/5,0.00661459
2014/12/4,0.04609932
2014/12/3,0.01491446
2014/12/2,0.03692728
2014/12/1,0.00391374
2014/11/30,0
2014/11/29,0
2014/11/28,0.0197238
2014/11/27,0.01155776
2014/11/26,0.01394755
2014/11/25,0.01370308
2014/11/24,0.02547093
2014/11/23,0
2014/11/22,0
2014/11/21,0.01827126
2014/11/20,-0.00004887
2014/11/19,-0.00164987
2014/11/18,-0.01000545
2014/11/17,-0.00542096
2014/11/16,0
2014/11/15,0
2014/11/14,0.00052059
2014/11/13,-0.00561535
2014/11/12,0.01395522
2014/11/11,-0.00277426
2014/11/10,0.02540892
2014/11/9,0
2014/11/8,0
2014/11/7,-0.00156181
2014/11/6,0.00104616
2014/11/5,-0.00386921
2014/11/4,0.00024835
2014/11/3,0.00168359
2014/11/2,0
2014/11/1,0
2014/10/31,0.01595836
2014/10/30,0.00715555
2014/10/29,0.01437153
2014/10/28,0.02018759
2014/10/27,-0.0091496
2014/10/26,0
2014/10/25,0
2014/10/24,-0.00218286
2014/10/23,-0.0093875
2014/10/22,-0.0060615
2014/10/21,-0.00868534
2014/10/20,0.00531549
2014/10/19,0
2014/10/18,0
2014/10/17,-0.00108943
2014/10/16,-0.00790584
2014/10/15,0.00707605
2014/10/14,-0.00341515
2014/10/13,-0.00480098
2014/10/12,0
2014/10/11,0
2014/10/10,-0.00611051
2014/10/9,0.00144126
2014/10/8,0.01117713
2014/10/7,0
2014/10/6,0
2014/10/5,0
2014/10/4,0
2014/10/3,0
2014/10/2,0
2014/10/1,0
2014/9/30,0.0013028
2014/9/29,0.00434843
2014/9/28,0
2014/9/27,0
2014/9/26,0.00009684
2014/9/25,-0.00200625
2014/9/24,0.01767146
2014/9/23,0.00863501
2014/9/22,-0.01908741
2014/9/21,0
2014/9/20,0
2014/9/19,0.00686978
2014/9/18,0.00305581
2014/9/17,0.00525837
2014/9/16,-0.01986879
2014/9/15,-0.00047942
2014/9/14,0
2014/9/13,0
2014/9/12,0.0061499
2014/9/11,-0.00369137
2014/9/10,-0.00523101
2014/9/9,-0.00164744
2014/9/8,0
2014/9/7,0
2014/9/6,0
2014/9/5,0.00949418
2014/9/4,0.00721759
2014/9/3,0.00937707
2014/9/2,0.01322242
2014/9/1,0.00728311
2014/8/31,0
2014/8/30,0
2014/8/29,0.01168574
2014/8/28,-0.00701024
2014/8/27,0.00150726
2014/8/26,-0.00801199
2014/8/25,-0.0095127
2014/8/24,0
2014/8/23,0
2014/8/22,0.00472338
2014/8/21,-0.0050276
2014/8/20,-0.0036332
2014/8/19,0.00008675
2014/8/18,0.00589968
2014/8/17,0
2014/8/16,0
2014/8/15,0.0105696
2014/8/14,-0.00973165
2014/8/13,0.00078445
2014/8/12,-0.00350773
2014/8/11,0.01467741
2014/8/10,0
2014/8/9,0
2014/8/8,0.00157984
2014/8/7,-0.01513358
2014/8/6,-0.00258805
2014/8/5,-0.00263805
2014/8/4,0.01984114
2014/8/3,0
2014/8/2,0
2014/8/1,-0.00887097
2014/7/31,0.01216187
2014/7/30,-0.00401395
2014/7/29,0.00321529
2014/7/28,0.02806649
2014/7/27,0
2014/7/26,0
2014/7/25,0.0104778
2014/7/24,0.01782756
2014/7/23,0.00234186
2014/7/22,0.01218809
2014/7/21,0.00099393
2014/7/20,0
2014/7/19,0
2014/7/18,0.00328038
2014/7/17,-0.0063569
2014/7/16,-0.00188876
2014/7/15,0.00148175
2014/7/14,0.01105629
2014/7/13,0
2014/7/12,0
2014/7/11,0.00240894
2014/7/10,-0.00272861
2014/7/9,-0.01456702
2014/7/8,0.00192254
2014/7/7,-0.00110433
2014/7/6,0
2014/7/5,0
2014/7/4,-0.00068664
2014/7/3,0.00429552
2014/7/2,0.00291422
2014/7/1,-0.00025818
2014/6/30,0.0069108
2014/6/29,0
2014/6/28,0
2014/6/27,0.00055
2014/6/26,0.00736159
2014/6/25,-0.00533844
2014/6/24,0.00501895
2014/6/23,-0.00122571
2014/6/22,0
2014/6/21,0
2014/6/20,0.00461797
2014/6/19,-0.01542977
2014/6/18,-0.00434858
2014/6/17,-0.01011974
2014/6/16,0.00717429
2014/6/15,0
2014/6/14,0
2014/6/13,0.01060272
2014/6/12,-0.00340435
2014/6/11,-0.00023227
2014/6/10,0.01264454
2014/6/9,-0.00020377
2014/6/8,0
2014/6/7,0
2014/6/6,-0.00738677
2014/6/5,0.01049113
2014/6/4,-0.01006736
2014/6/3,-0.00303552
2014/6/2,0
2014/6/1,0
2014/5/31,0
2014/5/30,0.0006032
2014/5/29,-0.0065402
2014/5/28,0.01027905
2014/5/27,-0.00403344
2014/5/26,0.00351981
2014/5/25,0
2014/5/24,0
2014/5/23,0.0082342
2014/5/22,-0.00235825
2014/5/21,0.00951615
2014/5/20,0.00029691
2014/5/19,-0.0143568
2014/5/18,0
2014/5/17,0
2014/5/16,0.00087123
2014/5/15,-0.01302171
2014/5/14,-0.00114031
2014/5/13,-0.00238618
2014/5/12,0.02162368
2014/5/11,0
2014/5/10,0
2014/5/9,-0.00074222
2014/5/8,-0.00085154
2014/5/7,-0.00927629
2014/5/6,0.00039787
2014/5/5,-0.00101406
2014/5/4,0
2014/5/3,0
2014/5/2,0
2014/5/1,0
2014/4/30,0.00008756
2014/4/29,0.01100765
2014/4/28,-0.01515666
2014/4/27,0
2014/4/26,0
2014/4/25,-0.01033931
2014/4/24,-0.001911
2014/4/23,-0.00096823
2014/4/22,0.00436485
2014/4/21,-0.01673695
2014/4/20,0
2014/4/19,0
2014/4/18,-0.00014563
2014/4/17,-0.00345931
2014/4/16,0.00137387
2014/4/15,-0.01725724
2014/4/14,-0.00090414
2014/4/13,0
2014/4/12,0
2014/4/11,-0.00136118
2014/4/10,0.01569762
2014/4/9,0.00058284
2014/4/8,0.02372211
2014/4/7,0
2014/4/6,0
2014/4/5,0
2014/4/4,0.00945216
2014/4/3,-0.00720815
2014/4/2,0.00814196
2014/4/1,0.00783206
2014/3/31,-0.00263015
2014/3/30,0
2014/3/29,0
2014/3/28,-0.00173586
2014/3/27,-0.00706572
2014/3/26,-0.0015604
2014/3/25,-0.00097126
2014/3/24,0.00822495
2014/3/23,0
2014/3/22,0
2014/3/21,0.03441885
2014/3/20,-0.01598542
2014/3/19,-0.00807387
2014/3/18,-0.00228881
2014/3/17,0.00951651
2014/3/16,0
2014/3/15,0
2014/3/14,-0.0081749
2014/3/13,0.01239231
2014/3/12,0.00259549
2014/3/11,0.00518356
2014/3/10,-0.03254582
2014/3/9,0
2014/3/8,0
2014/3/7,-0.00242727
2014/3/6,0.00446308
2014/3/5,-0.00929234
2014/3/4,-0.00278355
2014/3/3,0.00523137
2014/3/2,0
2014/3/1,0
2014/2/28,0.01154213
2014/2/27,-0.00429739
2014/2/26,0.00254691
2014/2/25,-0.02555871
2014/2/24,-0.02198699
2014/2/23,0
2014/2/22,0
2014/2/21,-0.010117
2014/2/20,-0.00919149
2014/2/19,0.01148507
2014/2/18,-0.01263385
2014/2/17,0.0070013
2014/2/16,0
2014/2/15,0
2014/2/14,0.00702813
2014/2/13,-0.0051029
2014/2/12,0.00248692
2014/2/11,0.00795049
2014/2/10,0.024882
2014/2/9,0
2014/2/8,0
2014/2/7,0.00455538
2014/2/6,0
2014/2/5,0
2014/2/4,0
2014/2/3,0
2014/2/2,0
2014/2/1,0
2014/1/31,0
2014/1/30,-0.01137051
2014/1/29,0.0035705
2014/1/28,0.00177624
2014/1/27,-0.01325168
2014/1/26,0
2014/1/25,0
2014/1/24,0.00617817
2014/1/23,-0.00530663
2014/1/22,0.02577752
2014/1/21,0.00988784
2014/1/20,-0.00573563
2014/1/19,0
2014/1/18,0
2014/1/17,-0.01508063
2014/1/16,0.0013142
2014/1/15,-0.0017647
2014/1/14,0.00873738
2014/1/13,-0.00506701
2014/1/12,0
2014/1/11,0
2014/1/10,-0.0078165
2014/1/9,-0.00878269
2014/1/8,0.00174709
2014/1/7,-0.0002841
2014/1/6,-0.02276169
2014/1/5,0
2014/1/4,0
2014/1/3,-0.01343639
2014/1/2,-0.00345404
2014/1/1,0
2013/12/31,0.01329357
2013/12/30,-0.00174519
2013/12/29,0
2013/12/28,0
2013/12/27,0.01683814
2013/12/26,-0.01725558
2013/12/25,0.00736896
2013/12/24,0.0015959
2013/12/23,0.00283829
2013/12/22,0
2013/12/21,0
2013/12/20,-0.02326949
2013/12/19,-0.01052763
2013/12/18,0.00036072
2013/12/17,-0.00487643
2013/12/16,-0.01608717
2013/12/15,0
2013/12/14,0
2013/12/13,-0.00140082
2013/12/12,-0.00113894
2013/12/11,-0.01653228
2013/12/10,0.00099964
2013/12/9,-0.00057701
2013/12/8,0
2013/12/7,0
2013/12/6,-0.006446
2013/12/5,-0.00280308
2013/12/4,0.0132435
2013/12/3,0.00992067
2013/12/2,-0.00826423
2013/12/1,0
2013/11/30,0
2013/11/29,-0.00024021
2013/11/28,0.01037449
2013/11/27,0.01133652
2013/11/26,-0.00050782
2013/11/25,-0.00389206
2013/11/24,0
2013/11/23,0
2013/11/22,-0.00499048
2013/11/21,-0.00612863
2013/11/20,0.00525959
2013/11/19,-0.006892
2013/11/18,0.03325302
2013/11/17,0
2013/11/16,0
2013/11/15,0.02006204
2013/11/14,0.00716091
2013/11/13,-0.02217265
2013/11/12,0.01041112
2013/11/11,0.00344202
2013/11/10,0
2013/11/9,0
2013/11/8,-0.01393133
2013/11/7,-0.00553033
2013/11/6,-0.01266943
2013/11/5,0.00139259
2013/11/4,-0.00188934
2013/11/3,0
2013/11/2,0
2013/11/1,0.00473603
2013/10/31,-0.01402011
2013/10/30,0.01493137
2013/10/29,0.00257782
2013/10/28,-0.00109982
2013/10/27,0
2013/10/26,0
2013/10/25,-0.0133105
2013/10/24,-0.00743439
2013/10/23,-0.01120246
2013/10/22,-0.01029044
2013/10/21,0.01865911
2013/10/20,0
2013/10/19,0
2013/10/18,0.00527238
2013/10/17,-0.00332085
2013/10/16,-0.01870139
2013/10/15,-0.00203232
2013/10/14,0.00163419
2013/10/13,0
2013/10/12,0
2013/10/11,0.01613252
2013/10/10,-0.00989003
2013/10/9,0.00482101
2013/10/8,0.01360461
2013/10/7,0
2013/10/6,0
2013/10/5,0
2013/10/4,0
2013/10/3,0
2013/10/2,0
2013/10/1,0
2013/9/30,0.00587314
2013/9/29,0
2013/9/28,0
2013/9/27,0.00441529
2013/9/26,-0.01835589
2013/9/25,-0.00607844
2013/9/24,-0.01148855
2013/9/23,0.01635266
2013/9/22,0
2013/9/21,0
2013/9/20,0
2013/9/19,0
2013/9/18,0.00213733
2013/9/17,-0.02060531
2013/9/16,-0.00422355
2013/9/15,0
2013/9/14,0
2013/9/13,-0.00739914
2013/9/12,0.00989412
2013/9/11,0.00323044
2013/9/10,0.01404772
2013/9/9,0.0351292
2013/9/8,0
2013/9/7,0
2013/9/6,0.00685261
2013/9/5,-0.00381333
2013/9/4,-0.0016152
2013/9/3,0.01472109
2013/9/2,0.00278057
2013/9/1,0
2013/8/31,0
2013/8/30,-0.00189836
2013/8/29,-0.0041859
2013/8/28,-0.00547871
2013/8/27,0.00225422
2013/8/26,0.02128925
2013/8/25,0
2013/8/24,0
2013/8/23,-0.00737999
2013/8/22,-0.00201725
2013/8/21,-0.00167613
2013/8/20,-0.00813449
2013/8/19,0.01184214
2013/8/18,0
2013/8/17,0
2013/8/16,-0.00750869
2013/8/15,-0.01170841
2013/8/14,-0.00423388
2013/8/13,0.00266662
2013/8/12,0.02921422
2013/8/11,0
2013/8/10,0
2013/8/9,0.00405309
2013/8/8,-0.00168419
2013/8/7,-0.00567569
2013/8/6,0.00672072
2013/8/5,0.01382393
2013/8/4,0
2013/8/3,0
2013/8/2,0.00084574
2013/8/1,0.02386799
2013/7/31,0.00165937
2013/7/30,0.00616645
2013/7/29,-0.02159974
2013/7/28,0
2013/7/27,0
2013/7/26,-0.00611123
2013/7/25,-0.00509881
2013/7/24,-0.00736767
2013/7/23,0.02890578
2013/7/22,0.00534632
2013/7/21,0
2013/7/20,0
2013/7/19,-0.0244285
2013/7/18,-0.01643044
2013/7/17,-0.01510539
2013/7/16,0.00457288
2013/7/15,0.01403023
2013/7/14,0
2013/7/13,0
2013/7/12,-0.02205496
2013/7/11,0.04614209
2013/7/10,0.028389
2013/7/9,-0.00043908
2013/7/8,-0.02839438
2013/7/7,0
2013/7/6,0
2013/7/5,0.00219174
2013/7/4,0.00823612
2013/7/3,-0.00817108
2013/7/2,0.00391584
2013/7/1,0.00576105
2013/6/30,0
2013/6/29,0
2013/6/28,0.01846779
2013/6/27,-0.00348753
2013/6/26,0.00132815
2013/6/25,-0.00266626
2013/6/24,-0.0630812
2013/6/23,0
2013/6/22,0
2013/6/21,-0.00175406
2013/6/20,-0.03303072
2013/6/19,-0.00743361
2013/6/18,0.00620091
2013/6/17,-0.00535094
2013/6/16,0
2013/6/15,0
2013/6/14,0.00701435
2013/6/13,-0.03390402
2013/6/12,0
2013/6/11,0
2013/6/10,0
2013/6/9,0
2013/6/8,0
2013/6/7,-0.01728152
2013/6/6,-0.01276841
2013/6/5,-0.00199831
2013/6/4,-0.01419991
2013/6/3,-0.00145909
2013/6/2,0
2013/6/1,0
2013/5/31,-0.01058982
2013/5/30,-0.00311743
2013/5/29,-0.00067994
2013/5/28,0.01722274
2013/5/27,0.00090828
2013/5/26,0
2013/5/25,0
2013/5/24,0.00556711
2013/5/23,-0.01343947
2013/5/22,0.00121651
2013/5/21,0.00201026
2013/5/20,0.00677418
2013/5/19,0
2013/5/18,0
2013/5/17,0.01541069
2013/5/16,0.01826301
2013/5/15,0.00544932
2013/5/14,-0.01478998
2013/5/13,-0.00396248
2013/5/12,0
2013/5/11,0
2013/5/10,0.00515944
2013/5/9,-0.00590059
2013/5/8,0.00508313
2013/5/7,0.00156573
2013/5/6,0.01326601
2013/5/5,0
2013/5/4,0
2013/5/3,0.01766505
2013/5/2,0.00095329
2013/5/1,0
2013/4/30,0
2013/4/29,0
2013/4/28,0
2013/4/27,0
2013/4/26,-0.0083347
2013/4/25,-0.01110123
2013/4/24,0.01882366
2013/4/23,-0.03208597
2013/4/22,-0.00124594
2013/4/21,0
2013/4/20,0
2013/4/19,0.02798384
2013/4/18,0.00259429
2013/4/17,-0.00045495
2013/4/16,0.00934579
2013/4/15,-0.01027329
2013/4/14,0
2013/4/13,0
2013/4/12,-0.0063619
2013/4/11,-0.00299077
2013/4/10,-0.0016554
2013/4/9,0.00692918
2013/4/8,-0.00452901
2013/4/7,0
2013/4/6,0
2013/4/5,0
2013/4/4,0
2013/4/3,-0.00114383
2013/4/2,-0.00272583
2013/4/1,-0.00075989
2013/3/31,0
2013/3/30,0
2013/3/29,-0.00168807
2013/3/28,-0.03260191
2013/3/27,0.00329314
2013/3/26,-0.01456012
2013/3/25,-0.00199022
2013/3/24,0
2013/3/23,0
2013/3/22,0.0012696
2013/3/21,0.00184432
2013/3/20,0.03369257
2013/3/19,0.00903259
2013/3/18,-0.01471727
2013/3/17,0
2013/3/16,0
2013/3/15,0.00220971
2013/3/14,0.00268528
2013/3/13,-0.01100674
2013/3/12,-0.01417891
2013/3/11,-0.0055832
2013/3/10,0
2013/3/9,0
2013/3/8,-0.00479179
2013/3/7,-0.0115927
2013/3/6,0.01044492
2013/3/5,0.03028304
2013/3/4,-0.04613285
2013/3/3,0
2013/3/2,0
2013/3/1,-0.00167993
2013/2/28,0.03031206
2013/2/27,0.01054761
2013/2/26,-0.01434379
2013/2/25,0.00321805
2013/2/24,0
2013/2/23,0
2013/2/22,-0.00534179
2013/2/21,-0.03407267
2013/2/20,0.00634084
2013/2/19,-0.01894632
2013/2/18,-0.01235837
2013/2/17,0
2013/2/16,0
2013/2/15,0
2013/2/14,0
2013/2/13,0
2013/2/12,0
2013/2/11,0
2013/2/10,0
2013/2/9,0
2013/2/8,0.00429549
2013/2/7,-0.00575465
2013/2/6,0.00150414
2013/2/5,0.00860508
2013/2/4,0.00171471
2013/2/3,0
2013/2/2,0
2013/2/1,0.0210065
2013/1/31,-0.00068025
2013/1/30,0.00480032
2013/1/29,0.00905137
2013/1/28,0.03118163
2013/1/27,0
2013/1/26,0
2013/1/25,-0.00429038
2013/1/24,-0.00947322
2013/1/23,0.00406562
2013/1/22,-0.00536214
2013/1/21,0.00595622
2013/1/20,0
2013/1/19,0
2013/1/18,0.01671956
2013/1/17,-0.00944243
2013/1/16,-0.00722844
2013/1/15,0.00703372
2013/1/14,0.03805326
2013/1/13,0
2013/1/12,0
2013/1/11,-0.01870686
2013/1/10,0.00175882
2013/1/9,0.00031521
2013/1/8,-0.00420152
2013/1/7,0.00458563
2013/1/6,0
2013/1/5,0
2013/1/4,0.0005775
2013/1/3,0
2013/1/2,0
2013/1/1,0
2012/12/31,0.01729925
2012/12/30,0
2012/12/29,0
2012/12/28,0.01450343
2012/12/27,-0.00529985
2012/12/26,0.00376737
2012/12/25,0.02821162
2012/12/24,0.0038849
2012/12/23,0
2012/12/22,0
2012/12/21,-0.00537316
2012/12/20,0.00578084
2012/12/19,0.00126218
2012/12/18,0.00059999
2012/12/17,0.00459916
2012/12/16,0
2012/12/15,0
2012/12/14,0.05048971
2012/12/13,-0.01108227
2012/12/12,0.00410317
2012/12/11,-0.00552433
2012/12/10,0.01081069
2012/12/9,0
2012/12/8,0
2012/12/7,0.01958384
2012/12/6,-0.0019367
2012/12/5,0.0358461
2012/12/4,0.01072765
2012/12/3,-0.01439994
2012/12/2,0
2012/12/1,0
2012/11/30,0.0113368
2012/11/29,-0.00633348
2012/11/28,-0.00998634
2012/11/27,-0.01147316
2012/11/26,-0.0077882
2012/11/25,0
2012/11/24,0
2012/11/23,0.00694819
2012/11/22,-0.0079047
2012/11/21,0.0138645
2012/11/20,-0.00464555
2012/11/19,-0.00103571
2012/11/18,0
2012/11/17,0
2012/11/16,-0.00746847
2012/11/15,-0.01326385
2012/11/14,0.00482273
2012/11/13,-0.01750029
2012/11/12,0.00487477
2012/11/11,0
2012/11/10,0
2012/11/9,-0.00199563
2012/11/8,-0.01840433
2012/11/7,-0.00205086
2012/11/6,-0.00420265
2012/11/5,-0.00212158
2012/11/4,0
2012/11/3,0
2012/11/2,0.00386878
2012/11/1,0.01909864
2012/10/31,0.0066691
2012/10/30,0.00180155
2012/10/29,-0.00536188
2012/10/28,0
2012/10/27,0
2012/10/26,-0.01891204
2012/10/25,-0.00716706
2012/10/24,-0.00185893
2012/10/23,-0.01260467
2012/10/22,0.00391088
2012/10/21,0
2012/10/20,0
2012/10/19,-0.00154404
2012/10/18,0.01533117
2012/10/17,0.00114918
2012/10/16,0.00144018
2012/10/15,-0.00419782
2012/10/14,0
2012/10/13,0
2012/10/12,0.00086774
2012/10/11,-0.00928697
2012/10/10,0.00170678
2012/10/9,0.02207128
2012/10/8,-0.01005274
2012/10/7,0
2012/10/6,0
2012/10/5,0
2012/10/4,0
2012/10/3,0
2012/10/2,0
2012/10/1,0
2012/9/30,0
2012/9/29,0
2012/9/28,0.01838108
2012/9/27,0.03058551
2012/9/26,-0.01143043
2012/9/25,-0.0024202
2012/9/24,0.00748182
2012/9/23,0
2012/9/22,0
2012/9/21,0.00141715
2012/9/20,-0.02238634
2012/9/19,0.00491983
2012/9/18,-0.01038914
2012/9/17,-0.02454587
2012/9/16,0
2012/9/15,0
2012/9/14,0.00743149
2012/9/13,-0.00931437
2012/9/12,0.00353866
2012/9/11,-0.00635072
2012/9/10,0.0040942
2012/9/9,0
2012/9/8,0
2012/9/7,0.04479889
2012/9/6,0.00815865
2012/9/5,-0.00205588
2012/9/4,-0.01075316
2012/9/3,0.01065869
2012/9/2,0
2012/9/1,0
2012/8/31,-0.00294026
2012/8/30,-0.00155498
2012/8/29,-0.01054185
2012/8/28,0.00458082
2012/8/27,-0.02086104
2012/8/26,0
2012/8/25,0
2012/8/24,-0.01152029
2012/8/23,0.00288075
2012/8/22,-0.0078303
2012/8/21,0.00517641
2012/8/20,-0.00505214
2012/8/19,0
2012/8/18,0
2012/8/17,-0.00267021
2012/8/16,-0.00512306
2012/8/15,-0.01077676
2012/8/14,0.00216205
2012/8/13,-0.01992707
2012/8/12,0
2012/8/11,0
2012/8/10,-0.0049546
2012/8/9,0.00916606
2012/8/8,0.00038596
2012/8/7,0.00136736
2012/8/6,0.01354187
2012/8/5,0
2012/8/4,0
2012/8/3,0.00807535
2012/8/2,-0.01007737
2012/8/1,0.01102866
2012/7/31,-0.00122913
2012/7/30,-0.00566811
2012/7/29,0
2012/7/28,0
2012/7/27,0.0006901
2012/7/26,-0.00533668
2012/7/25,-0.00669573
2012/7/24,0.00446473
2012/7/23,-0.01376886
2012/7/22,0
2012/7/21,0
2012/7/20,-0.01066979
2012/7/19,0.00413654
2012/7/18,0.0000555
2012/7/17,0.00602984
2012/7/16,-0.02077096
2012/7/15,0
2012/7/14,0
2012/7/13,0.00059285
2012/7/12,0.00973337
2012/7/11,0.00783893
2012/7/10,-0.0038617
2012/7/9,-0.02288186
2012/7/8,0
2012/7/7,0
2012/7/6,0.01738172
2012/7/5,-0.01401628
2012/7/4,-0.00154007
2012/7/3,0.00141285
2012/7/2,0.00147302
2012/7/1,0
2012/6/30,0
2012/6/29,0.01479267
2012/6/28,-0.00877168
2012/6/27,-0.00314471
2012/6/26,-0.00065255
2012/6/25,-0.0221588
2012/6/24,0
2012/6/23,0
2012/6/22,0
2012/6/21,-0.01583712
2012/6/20,-0.00234892
2012/6/19,-0.00875209
2012/6/18,0.00512372
2012/6/17,0
2012/6/16,0
2012/6/15,0.00298115
2012/6/14,-0.00783334
2012/6/13,0.01592723
2012/6/12,-0.00707003
2012/6/11,0.01344357
2012/6/10,0
2012/6/9,0
2012/6/8,-0.00702349
2012/6/7,-0.00595018
2012/6/6,-0.00056315
2012/6/5,-0.0000719
2012/6/4,-0.02809421
2012/6/3,0
2012/6/2,0
2012/6/1,0.00036322
2012/5/31,-0.00386639
2012/5/30,-0.00324273
2012/5/29,0.01383147
2012/5/28,0.01616181
2012/5/27,0
2012/5/26,0
2012/5/25,-0.00853749
2012/5/24,-0.00825758
2012/5/23,-0.00405553
2012/5/22,0.01557418
2012/5/21,0.00514962
2012/5/20,0
2012/5/19,0
2012/5/18,-0.01528955
2012/5/17,0.01526229
2012/5/16,-0.01632438
2012/5/15,0.00070349
2012/5/14,-0.00810909
2012/5/13,0
2012/5/12,0
2012/5/11,-0.00763845
2012/5/10,-0.00011289
2012/5/9,-0.01904754
2012/5/8,-0.00318716
2012/5/7,0.00069922
2012/5/6,0
2012/5/5,0
2012/5/4,0.00905103
2012/5/3,0.00299275
2012/5/2,0.02183038
2012/5/1,0
2012/4/30,0
2012/4/29,0
2012/4/28,0
2012/4/27,-0.00202547
2012/4/26,0.00209331
2012/4/25,0.00810944
2012/4/24,-0.00044972
2012/4/23,-0.00791864
2012/4/22,0
2012/4/21,0
2012/4/20,0.0118576
2012/4/19,-0.00148159
2012/4/18,0.02282757
2012/4/17,-0.01249435
2012/4/16,-0.00248406
2012/4/15,0
2012/4/14,0
2012/4/13,0.00389739
2012/4/12,0.01999971
2012/4/11,0.00009842
2012/4/10,0.00987598
2012/4/9,-0.0097959
2012/4/8,0
2012/4/7,0
2012/4/6,0.00278491
2012/4/5,0.02359893
2012/4/4,0
2012/4/3,0
2012/4/2,0
2012/4/1,0
2012/3/31,0
2012/3/30,0.00482047
2012/3/29,-0.01284011
2012/3/28,-0.02836122
2012/3/27,-0.00324797
2012/3/26,0.00097926
2012/3/25,0
2012/3/24,0
2012/3/23,-0.01192453
2012/3/22,-0.00156118
2012/3/21,0.00129234
2012/3/20,-0.01732313
2012/3/19,0.00247378
2012/3/18,0
2012/3/17,0
2012/3/16,0.01468546
2012/3/15,-0.00750832
2012/3/14,-0.02833197
2012/3/13,0.01004747
2012/3/12,-0.0037158
2012/3/11,0
2012/3/10,0
2012/3/9,0.01081649
2012/3/8,0.01259311
2012/3/7,-0.00688274
2012/3/6,-0.01564202
2012/3/5,-0.00642927
2012/3/4,0
2012/3/3,0
2012/3/2,0.0176885
2012/3/1,-0.00029991
2012/2/29,-0.01063678
2012/2/28,0.00221714
2012/2/27,0.00322883
2012/2/26,0
2012/2/25,0
2012/2/24,0.01602296
2012/2/23,0.0033802
2012/2/22,0.01367051
2012/2/21,0.00855666
2012/2/20,0.00142683
2012/2/19,0
2012/2/18,0
2012/2/17,0.0004022
2012/2/16,-0.00531062
2012/2/15,0.01090357
2012/2/14,-0.00389814
2012/2/13,-0.0006473
2012/2/12,0
2012/2/11,0
2012/2/10,0.00173571
2012/2/9,0.00039158
2012/2/8,0.028597
2012/2/7,-0.018516
2012/2/6,-0.00070628
2012/2/5,0
2012/2/4,0
2012/2/3,0.00798394
2012/2/2,0.02356947
2012/2/1,-0.01431261
2012/1/31,0.0014386
2012/1/30,-0.01731967
2012/1/29,0
2012/1/28,0
2012/1/27,0
2012/1/26,0
2012/1/25,0
2012/1/24,0
2012/1/23,0
2012/1/22,0
2012/1/21,0
2012/1/20,0.01447931
2012/1/19,0.01905713
2012/1/18,-0.01561001
2012/1/17,0.04900561
2012/1/16,-0.02033137
2012/1/15,0
2012/1/14,0
2012/1/13,-0.01679109
2012/1/12,-0.00016012
2012/1/11,-0.00479703
2012/1/10,0.03326057
2012/1/9,0.03403912
2012/1/8,0
2012/1/7,0
2012/1/6,0.00624234
2012/1/5,-0.00972703
2012/1/4,-0.02003206
2012/1/3,0
2012/1/2,0
2012/1/1,0
2011/12/31,0
2011/12/30,0.01487436
2011/12/29,0.00148618
2011/12/28,0.00125377
2011/12/27,-0.01312669
2011/12/26,-0.00994422
2011/12/25,0
2011/12/24,0
2011/12/23,0.00761103
2011/12/22,0.00095335
2011/12/21,-0.01596924
2011/12/20,-0.00307833
2011/12/19,-0.00239318
2011/12/18,0
2011/12/17,0
2011/12/16,0.02107835
2011/12/15,-0.02364566
2011/12/14,-0.01009525
2011/12/13,-0.02250483
2011/12/12,-0.01029375
2011/12/11,0
2011/12/10,0
2011/12/9,-0.00853069
2011/12/8,-0.00127757
2011/12/7,0.00472512
2011/12/6,-0.00200286
2011/12/5,-0.01404601
2011/12/4,0
2011/12/3,0
2011/12/2,-0.01017955
2011/12/1,0.02462404
2011/11/30,-0.03337077
2011/11/29,0.01369826
2011/11/28,0.00130352
2011/11/27,0
2011/11/26,0
2011/11/25,-0.00731965
2011/11/24,0.00190015
2011/11/23,-0.00976057
2011/11/22,-0.00008047
2011/11/21,0.00122386
2011/11/20,0
2011/11/19,0
2011/11/18,-0.02085634
2011/11/17,-0.00303357
2011/11/16,-0.02716528
2011/11/15,-0.00200713
2011/11/14,0.02048237
2011/11/13,0
2011/11/12,0
2011/11/11,-0.00170026
2011/11/10,-0.01891956
2011/11/9,0.00877659
2011/11/8,-0.00312106
2011/11/7,-0.00995025
2011/11/6,0
2011/11/5,0
2011/11/4,0.00708742
2011/11/3,0.00069647
2011/11/2,0.01663003
2011/11/1,0.00082365
2011/10/31,-0.00506087
2011/10/30,0
2011/10/29,0
2011/10/28,0.01939431
2011/10/27,0.00219863
2011/10/26,0.00998694
2011/10/25,0.01892365
2011/10/24,0.02742954
2011/10/23,0
2011/10/22,0
2011/10/21,-0.00501879
2011/10/20,-0.02421528
2011/10/19,-0.00352209
2011/10/18,-0.02802452
2011/10/17,0.00496273
2011/10/16,0
2011/10/15,0
2011/10/14,-0.00331255
2011/10/13,0.00674541
2011/10/12,0.03635202
2011/10/11,-0.00199055
2011/10/10,-0.00940206
2011/10/9,0
2011/10/8,0
2011/10/7,0
2011/10/6,0
2011/10/5,0
2011/10/4,0
2011/10/3,0
2011/10/2,0
2011/10/1,0
2011/9/30,-0.00264277
2011/9/29,-0.00858044
2011/9/28,-0.01034543
2011/9/27,0.01032586
2011/9/26,-0.02193686
2011/9/25,0
2011/9/24,0
2011/9/23,-0.00603569
2011/9/22,-0.03079022
2011/9/21,0.03017269
2011/9/20,0.00394884
2011/9/19,-0.0200147
2011/9/18,0
2011/9/17,0
2011/9/16,0.00181015
2011/9/15,-0.00148549
2011/9/14,0.00471643
2011/9/13,-0.01120279
2011/9/12,0
2011/9/11,0
2011/9/10,0
2011/9/9,-0.00181778
2011/9/8,-0.00826889
2011/9/7,0.02048617
2011/9/6,-0.00747862
2011/9/5,-0.02140985
2011/9/4,0
2011/9/3,0
2011/9/2,-0.01082715
2011/9/1,-0.00429959
2011/8/31,0.00177356
2011/8/30,-0.00388038
2011/8/29,-0.01668608
2011/8/28,0
2011/8/27,0
2011/8/26,-0.00090225
2011/8/25,0.03338766
2011/8/24,-0.00389224
2011/8/23,0.01555553
2011/8/22,-0.01063875
2011/8/21,0
2011/8/20,0
2011/8/19,-0.00938167
2011/8/18,-0.0179348
2011/8/17,-0.00399299
2011/8/16,-0.00695711
2011/8/15,0.01478418
2011/8/14,0
2011/8/13,0
2011/8/12,0.00294741
2011/8/11,0.01515516
2011/8/10,0.0092667
2011/8/9,0.00153549
2011/8/8,-0.03572834
2011/8/7,0
2011/8/6,0
2011/8/5,-0.0212444
2011/8/4,0.00184103
2011/8/3,-0.00051076
2011/8/2,-0.00716656
2011/8/1,0.00189766
2011/7/31,0
2011/7/30,0
2011/7/29,-0.00299228
2011/7/28,-0.00634989
2011/7/27,0.00748211
2011/7/26,0.00319376
2011/7/25,-0.03249685
2011/7/24,0
2011/7/23,0
2011/7/22,0.00289297
2011/7/21,-0.01048982
2011/7/20,-0.00115019
2011/7/19,-0.00879716
2011/7/18,-0.0020103
2011/7/17,0
2011/7/16,0
2011/7/15,0.00421728
2011/7/14,0.00305835
2011/7/13,0.01614048
2011/7/12,-0.01808423
2011/7/11,0.00129616
2011/7/10,0
2011/7/9,0
2011/7/8,0.00241804
2011/7/7,-0.00386356
2011/7/6,-0.00281505
2011/7/5,0.00016656
2011/7/4,0.02368391
2011/7/3,0
2011/7/2,0
2011/7/1,0.00185934
2011/6/30,0.01463917
2011/6/29,-0.01366328
2011/6/28,0.00172568
2011/6/27,0.00297939
2011/6/26,0
2011/6/25,0
2011/6/24,0.0236135
2011/6/23,0.0168639
2011/6/22,-0.00016844
2011/6/21,0.01188563
2011/6/20,-0.00596786
2011/6/19,0
2011/6/18,0
2011/6/17,-0.0087127
2011/6/16,-0.01536894
2011/6/15,-0.0101685
2011/6/14,0.01464572
2011/6/13,-0.00390961
2011/6/12,0
2011/6/11,0
2011/6/10,0.00340121
2011/6/9,-0.0188656
2011/6/8,0.00146126
2011/6/7,0.00599729
2011/6/6,0
2011/6/5,0
2011/6/4,0
2011/6/3,0.01036638
2011/6/2,-0.01613091
2011/6/1,0.00086955
2011/5/31,0.01592481
2011/5/30,-0.00296965
2011/5/29,0
2011/5/28,0
2011/5/27,-0.0050598
2011/5/26,-0.00399955
2011/5/25,-0.01185638
2011/5/24,0.00107179
2011/5/23,-0.03159277
2011/5/22,0
2011/5/21,0
2011/5/20,0.00030763
2011/5/19,-0.00596933
2011/5/18,0.00749351
2011/5/17,0.00502184
2011/5/16,-0.00883287
2011/5/15,0
2011/5/14,0
2011/5/13,0.00854075
2011/5/12,-0.0138279
2011/5/11,-0.00257832
2011/5/10,0.00749578
2011/5/9,0.00267829
2011/5/8,0
2011/5/7,0
2011/5/6,-0.00150986
2011/5/5,-0.00093
2011/5/4,-0.02556732
2011/5/3,0.00576624
2011/5/2,0
2011/5/1,0
2011/4/30,0
2011/4/29,0.00978563
2011/4/28,-0.01486836
2011/4/27,-0.00664199
2011/4/26,-0.00572691
2011/4/25,-0.01526391
2011/4/24,0
2011/4/23,0
2011/4/22,-0.00525416
2011/4/21,0.00655691
2011/4/20,-0.00001517
2011/4/19,-0.01894066
2011/4/18,0.00014886
2011/4/17,0
2011/4/16,0
2011/4/15,0.00160427
2011/4/14,-0.00547741
2011/4/13,0.01360479
2011/4/12,-0.00199794
2011/4/11,-0.00594329
2011/4/10,0
2011/4/9,0
2011/4/8,0.00870528
2011/4/7,0.00403193
2011/4/6,0.01171499
2011/4/5,0
2011/4/4,0
2011/4/3,0
2011/4/2,0
2011/4/1,0.01533837
2011/3/31,-0.01007039
2011/3/30,-0.00058318
2011/3/29,-0.00990406
2011/3/28,-0.00118683
2011/3/27,0
2011/3/26,0
2011/3/25,0.01326214
2011/3/24,-0.00415629
2011/3/23,0.01302219
2011/3/22,0.00494214
2011/3/21,-0.00266817
2011/3/20,0
2011/3/19,0
2011/3/18,0.00581464
2011/3/17,-0.01573179
2011/3/16,0.01380791
2011/3/15,-0.0180697
2011/3/14,0.0047854
2011/3/13,0
2011/3/12,0
2011/3/11,-0.0100236
2011/3/10,-0.0175509
2011/3/9,0.00041948
2011/3/8,0.00088469
2011/3/7,0.01951894
2011/3/6,0
2011/3/5,0
2011/3/4,0.01519375
2011/3/3,-0.00665372
2011/3/2,-0.0035608
2011/3/1,0.00473212
2011/2/28,0.01311601
2011/2/27,0
2011/2/26,0
2011/2/25,0.00209343
2011/2/24,0.00510278
2011/2/23,0.00352765
2011/2/22,-0.02895415
2011/2/21,0.01433117
2011/2/20,0
2011/2/19,0
2011/2/18,-0.01048396
2011/2/17,-0.00080652
2011/2/16,0.00959079
2011/2/15,-0.00045664
2011/2/14,0.03145827
2011/2/13,0
2011/2/12,0
2011/2/11,0.00541209
2011/2/10,0.02078627
2011/2/9,-0.01180588
2011/2/8,0
2011/2/7,0
2011/2/6,0
2011/2/5,0
2011/2/4,0
2011/2/3,0
2011/2/2,0
2011/2/1,0.00025028
2011/1/31,0.01309628
2011/1/30,0
2011/1/29,0
2011/1/28,0.00339339
2011/1/27,0.0161293
2011/1/26,0.01353683
2011/1/25,-0.00527379
2011/1/24,-0.00979735
2011/1/23,0
2011/1/22,0
2011/1/21,0.01315919
2011/1/20,-0.03288832
2011/1/19,0.02256813
2011/1/18,0.00110949
2011/1/17,-0.03800625
2011/1/16,0
2011/1/15,0
2011/1/14,-0.01573244
2011/1/13,-0.00033733
2011/1/12,0.00557454
2011/1/11,0.00538255
2011/1/10,-0.01845185
2011/1/9,0
2011/1/8,0
2011/1/7,0.00220911
2011/1/6,-0.00504462
2011/1/5,-0.00439543
2011/1/4,0.01963392
2011/1/3,0
2011/1/2,0
2011/1/1,0
2010/12/31,0.02093926
2010/12/30,0.00074139
2010/12/29,0.00555021
2010/12/28,-0.01767262
2010/12/27,-0.01999709
2010/12/26,0
2010/12/25,0
2010/12/24,-0.00804426
2010/12/23,-0.0083472
2010/12/22,-0.01048158
2010/12/21,0.02228927
2010/12/20,-0.01457066
2010/12/19,0
2010/12/18,0
2010/12/17,-0.00155076
2010/12/16,-0.00522533
2010/12/15,-0.00667692
2010/12/14,0.00257892
2010/12/13,0.0313348
2010/12/12,0
2010/12/11,0
2010/12/10,0.01236165
2010/12/9,-0.01529377
2010/12/8,-0.00889281
2010/12/7,0.0109838
2010/12/6,0.0023463
2010/12/5,0
2010/12/4,0
2010/12/3,0.00098255
2010/12/2,0.00607139
2010/12/1,-0.00030921
2010/11/30,-0.01663297
2010/11/29,-0.00150242
2010/11/28,0
2010/11/27,0
2010/11/26,-0.00888171
2010/11/25,0.01461738
2010/11/24,0.02248341
2010/11/23,-0.02041653
2010/11/22,-0.00217374
2010/11/21,0
2010/11/20,0
2010/11/19,0.0098127
2010/11/18,0.01419178
2010/11/17,-0.02070647
2010/11/16,-0.04384761
2010/11/15,0.00700522
2010/11/14,0
2010/11/13,0
2010/11/12,-0.06215135
2010/11/11,0.0031065
2010/11/10,-0.00704891
2010/11/9,-0.00693801
2010/11/8,0.00788741
2010/11/7,0
2010/11/6,0
2010/11/5,0.01157589
2010/11/4,0.01759182
2010/11/3,-0.01235587
2010/11/2,-0.00284192
2010/11/1,0.02752087
2010/10/31,0
2010/10/30,0
2010/10/29,-0.00521236
2010/10/28,-0.00181558
2010/10/27,-0.01794823
2010/10/26,-0.00430901
2010/10/25,0.03031379
2010/10/24,0
2010/10/23,0
2010/10/22,0.0011764
2010/10/21,-0.00653247
2010/10/20,0.0062832
2010/10/19,0.02102439
2010/10/18,-0.00646697
2010/10/17,0
2010/10/16,0
2010/10/15,0.03211399
2010/10/14,0.0020388
2010/10/13,0.01413609
2010/10/12,0.01271346
2010/10/11,0.02912723
2010/10/10,0
2010/10/9,0
2010/10/8,0.03701496
2010/10/7,0
2010/10/6,0
2010/10/5,0
2010/10/4,0
2010/10/3,0
2010/10/2,0
2010/10/1,0
2010/9/30,0.02113531
2010/9/29,-0.00211739
2010/9/28,-0.00830284
2010/9/27,0.01664054
2010/9/26,0
2010/9/25,0
2010/9/24,0
2010/9/23,0
2010/9/22,0
2010/9/21,0.00268437
2010/9/20,-0.00403303
2010/9/19,0
2010/9/18,0
2010/9/17,0.00125272
2010/9/16,-0.01901695
2010/9/15,-0.01747718
2010/9/14,0.00090807
2010/9/13,0.01015157
2010/9/12,0
2010/9/11,0
2010/9/10,0.00208101
2010/9/9,-0.01828599
2010/9/8,-0.00071737
2010/9/7,0.00269572
2010/9/6,0.01879317
2010/9/5,0
2010/9/4,0
2010/9/3,-0.00040392
2010/9/2,0.01295058
2010/9/1,-0.00659619
2010/8/31,-0.00405487
2010/8/30,0.01974414
2010/8/29,0
2010/8/28,0
2010/8/27,0.00297534
2010/8/26,0.00248679
2010/8/25,-0.02363119
2010/8/24,0.0054002
2010/8/23,-0.00073836
2010/8/22,0
2010/8/21,0
2010/8/20,-0.01931041
2010/8/19,0.00614157
2010/8/18,-0.00167557
2010/8/17,0.00691631
2010/8/16,0.02329849
2010/8/15,0
2010/8/14,0
2010/8/13,0.01390432
2010/8/12,-0.01186579
2010/8/11,0.00620269
2010/8/10,-0.02933275
2010/8/9,0.00710228
2010/8/8,0
2010/8/7,0
2010/8/6,0.0164268
2010/8/5,-0.00889992
2010/8/4,0.00364972
2010/8/3,-0.0175883
2010/8/2,0.01688133
2010/8/1,0
2010/7/31,0
2010/7/30,-0.00317236
2010/7/29,0.00497954
2010/7/28,0.02432289
2010/7/27,-0.00545702
2010/7/26,0.00643734
2010/7/25,0
2010/7/24,0
2010/7/23,0.00423904
2010/7/22,0.01235741
2010/7/21,0.00213022
2010/7/20,0.02200584
2010/7/19,0.02535807
2010/7/18,0
2010/7/17,0
2010/7/16,0.00291736
2010/7/15,-0.01699195
2010/7/14,0.00721934
2010/7/13,-0.01555552
2010/7/12,0.01100072
2010/7/11,0
2010/7/10,0
2010/7/9,0.02763285
2010/7/8,-0.00176711
2010/7/7,0.00685942
2010/7/6,0.01999881
2010/7/5,-0.00846846
2010/7/4,0
2010/7/3,0
2010/7/2,0.00318281
2010/7/1,-0.01443581
2010/6/30,-0.0111689
2010/6/29,-0.04592201
2010/6/28,-0.00713009
2010/6/27,0
2010/6/26,0
2010/6/25,-0.00769175
2010/6/24,-0.00036252
2010/6/23,-0.00905982
2010/6/22,0.00110046
2010/6/21,0.03133704
2010/6/20,0
2010/6/19,0
2010/6/18,-0.01697579
2010/6/17,-0.00585022
2010/6/16,0
2010/6/15,0
2010/6/14,0
2010/6/13,0
2010/6/12,0
2010/6/11,0.00321816
2010/6/10,-0.01154152
2010/6/9,0.03067046
2010/6/8,0.00134287
2010/6/7,-0.01773436
2010/6/6,0
2010/6/5,0
2010/6/4,0.00303719
2010/6/3,-0.0077787
2010/6/2,0.00487216
2010/6/1,-0.01049307
2010/5/31,-0.02702873
2010/5/30,0
2010/5/29,0
2010/5/28,-0.00338464
2010/5/27,0.0163614
2010/5/26,0
2010/5/25,-0.02071711
2010/5/24,0.03780713
2010/5/23,0
2010/5/22,0
2010/5/21,0.01568954
2010/5/20,-0.01308754
2010/5/19,-0.00331247
2010/5/18,0.02086035
2010/5/17,-0.05345151
2010/5/16,0
2010/5/15,0
2010/5/14,-0.00654333
2010/5/13,0.02439535
2010/5/12,0.00619104
2010/5/11,-0.02008586
2010/5/10,0.00755784
2010/5/9,0
2010/5/8,0
2010/5/7,-0.02073625
2010/5/6,-0.0459526
2010/5/5,0.00561029
2010/5/4,-0.0156225
2010/5/3,0
2010/5/2,0
2010/5/1,0
2010/4/30,0.00238884
2010/4/29,-0.01203932
2010/4/28,-0.00355809
2010/4/27,-0.02004729
2010/4/26,-0.00564263
2010/4/25,0
2010/4/24,0
2010/4/23,-0.00360452
2010/4/22,-0.0108568
2010/4/21,0.0199504
2010/4/20,-0.0009602
2010/4/19,-0.05360319
2010/4/18,0
2010/4/17,0
2010/4/16,-0.01126505
2010/4/15,-0.00268531
2010/4/14,0.00353508
2010/4/13,0.01200664
2010/4/12,-0.00819432
2010/4/11,0
2010/4/10,0
2010/4/9,0.00969003
2010/4/8,-0.01187204
2010/4/7,-0.00534485
2010/4/6,-0.00064566
2010/4/5,0
2010/4/4,0
2010/4/3,0
2010/4/2,0.00454312
2010/4/1,0.013848
2010/3/31,-0.00626725
2010/3/30,0.0024326
2010/3/29,0.0255084
2010/3/28,0
2010/3/27,0
2010/3/26,0.01420506
2010/3/25,-0.01450863
2010/3/24,0.00033582
2010/3/23,-0.00819347
2010/3/22,0.00265949
2010/3/21,0
2010/3/20,0
2010/3/19,0.00805188
2010/3/18,-0.00194263
2010/3/17,0.02183229
2010/3/16,0.0065312
2010/3/15,-0.01544943
2010/3/14,0
2010/3/13,0
2010/3/12,-0.01329993
2010/3/11,-0.00090862
2010/3/10,-0.00791625
2010/3/9,0.00598872
2010/3/8,0.00810489
2010/3/7,0
2010/3/6,0
2010/3/5,0.0028272
2010/3/4,-0.02533972
2010/3/3,0.00719972
2010/3/2,-0.0039646
2010/3/1,0.0130269
2010/2/28,0
2010/2/27,0
2010/2/26,-0.00317727
2010/2/25,0.01468648
2010/2/24,0.01433426
2010/2/23,-0.01073809
2010/2/22,-0.00551475
2010/2/21,0
2010/2/20,0
2010/2/19,0
2010/2/18,0
2010/2/17,0
2010/2/16,0
2010/2/15,0
2010/2/14,0
2010/2/13,0
2010/2/12,0.00958887
2010/2/11,0.00195076
2010/2/10,0.01418028
2010/2/9,0.00577596
2010/2/8,-0.00066601
2010/2/7,0
2010/2/6,0
2010/2/5,-0.02041444
2010/2/4,-0.00368958
2010/2/3,0.02686742
2010/2/2,-0.00206806
2010/2/1,-0.01605725
2010/1/31,0
2010/1/30,0
2010/1/29,-0.00075158
2010/1/28,0.00250112
2010/1/27,-0.01363945
2010/1/26,-0.02560389
2010/1/25,-0.01134514
2010/1/24,0
2010/1/23,0
2010/1/22,-0.01243043
2010/1/21,0.00416565
2010/1/20,-0.03223112
2010/1/19,0.00194248
2010/1/18,0.00515112
2010/1/17,0
2010/1/16,0
2010/1/15,0.00394633
2010/1/14,0.0140041
2010/1/13,-0.03218743
2010/1/12,0.01518358
2010/1/11,0.0005517
2010/1/10,0
2010/1/9,0
2010/1/8,0.00249751
2010/1/7,-0.01984059
2010/1/6,-0.00625975
2010/1/5,0.0081494
2010/1/4,-0.01131253
2010/1/3,0
2010/1/2,0
2010/1/1,0
2009/12/31,0.00472623
2009/12/30,0.0166022
2009/12/29,0.00641381
2009/12/28,0.01566524
2009/12/27,0
2009/12/26,0
2009/12/25,-0.0040828
2009/12/24,0.03067304
2009/12/23,0.00936004
2009/12/22,-0.02681489
2009/12/21,0.00143879
2009/12/20,0
2009/12/19,0
2009/12/18,-0.02540408
2009/12/17,-0.02262745
2009/12/16,-0.00631255
2009/12/15,-0.00814061
2009/12/14,0.01055379
2009/12/13,0
2009/12/12,0
2009/12/11,-0.00062059
2009/12/10,0.00640319
2009/12/9,-0.01918864
2009/12/8,-0.0122137
2009/12/7,0.00695487
2009/12/6,0
2009/12/5,0
2009/12/4,0.014651
2009/12/3,-0.001793
2009/12/2,0.01025042
2009/12/1,0.01399904
2009/11/30,0.03818466
2009/11/29,0
2009/11/28,0
2009/11/27,-0.0296233
2009/11/26,-0.03963489
2009/11/25,0.02298426
2009/11/24,-0.03203647
2009/11/23,0.00950149
2009/11/22,0
2009/11/21,0
2009/11/20,-0.00313801
2009/11/19,0.00336342
2009/11/18,0.00051814
2009/11/17,0.00070329
2009/11/16,0.03043152
2009/11/15,0
2009/11/14,0
2009/11/13,0.00535144
2009/11/12,0.00123581
2009/11/11,-0.00231464
2009/11/10,0.00228561
2009/11/9,0.00366636
2009/11/8,0
2009/11/7,0
2009/11/6,0.00539788
2009/11/5,0.00301978
2009/11/4,0.00537342
2009/11/3,0.01256484
2009/11/2,0.03427357
2009/11/1,0
2009/10/31,0
2009/10/30,0.01026162
2009/10/29,-0.02471368
2009/10/28,0.00440761
2009/10/27,-0.02914851
2009/10/26,0.00029005
2009/10/25,0
2009/10/24,0
2009/10/23,0.01969635
2009/10/22,-0.00652066
2009/10/21,-0.00245147
2009/10/20,0.01454121
2009/10/19,0.0269765
2009/10/18,0
2009/10/17,0
2009/10/16,0.00063896
2009/10/15,0.00379253
2009/10/14,0.00902918
2009/10/13,0.01487802
2009/10/12,-0.0038183
2009/10/11,0
2009/10/10,0
2009/10/9,0.05288188
2009/10/8,0
2009/10/7,0
2009/10/6,0
2009/10/5,0
2009/10/4,0
2009/10/3,0
2009/10/2,0
2009/10/1,0
2009/9/30,0.01094106
2009/9/29,-0.00011774
2009/9/28,-0.02808212
2009/9/27,0
2009/9/26,0
2009/9/25,-0.00727053
2009/9/24,0.00681684
2009/9/23,-0.02266347
2009/9/22,-0.02417565
2009/9/21,0.00278464
2009/9/20,0
2009/9/19,0
2009/9/18,-0.03626698
2009/9/17,0.01898571
2009/9/16,-0.01344379
2009/9/15,0.00280866
2009/9/14,0.01706541
2009/9/13,0
2009/9/12,0
2009/9/11,0.0237819
2009/9/10,-0.01001593
2009/9/9,0.00754974
2009/9/8,0.02150628
2009/9/7,0.00879713
2009/9/6,0
2009/9/5,0
2009/9/4,0.00825044
2009/9/3,0.0557018
2009/9/2,0.01660864
2009/9/1,0.00474513
2009/8/31,-0.07106191
2009/8/30,0
2009/8/29,0
2009/8/28,-0.03469886
2009/8/27,-0.00507189
2009/8/26,0.02011686
2009/8/25,-0.03708509
2009/8/24,0.00810958
2009/8/23,0
2009/8/22,0
2009/8/21,0.01883672
2009/8/20,0.04306418
2009/8/19,-0.04962815
2009/8/18,0.01010104
2009/8/17,-0.0610532
2009/8/16,0
2009/8/15,0
2009/8/14,-0.02800495
2009/8/13,0.01278036
2009/8/12,-0.04470276
2009/8/11,0.00334035
2009/8/10,-0.00297038
2009/8/9,0
2009/8/8,0
2009/8/7,-0.02948852
2009/8/6,-0.02080226
2009/8/5,-0.01206353
2009/8/4,-0.00010826
2009/8/3,0.01403356
2009/8/2,0
2009/8/1,0
2009/7/31,0.02745666
2009/7/30,0.02144437
2009/7/29,-0.05253447
2009/7/28,0.0032562
2009/7/27,0.02074131
2009/7/26,0
2009/7/25,0
2009/7/24,0.00426893
2009/7/23,0.01248988
2009/7/22,0.01895289
2009/7/21,-0.01428245
2009/7/20,0.02025962
2009/7/19,0
2009/7/18,0
2009/7/17,0.00530384
2009/7/16,0.00227005
2009/7/15,0.01116144
2009/7/14,0.02789043
2009/7/13,-0.01097604
2009/7/12,0
2009/7/11,0
2009/7/10,0.00059182
2009/7/9,0.01313438
2009/7/8,0.00352643
2009/7/7,-0.01015186
2009/7/6,0.01430959
2009/7/5,0
2009/7/4,0
2009/7/3,0.01364262
2009/7/2,0.01373112
2009/7/1,0.02255824
2009/6/30,-0.00424532
2009/6/29,0.01647797
2009/6/28,0
2009/6/27,0
2009/6/26,0.00336763
2009/6/25,-0.00090043
2009/6/24,0.01194267
2009/6/23,0.0004347
2009/6/22,0.00083117
2009/6/21,0
2009/6/20,0
2009/6/19,0.00738202
2009/6/18,0.01555841
2009/6/17,0.01667218
2009/6/16,-0.00167555
2009/6/15,0.02061047
2009/6/14,0
2009/6/13,0
2009/6/12,-0.01868566
2009/6/11,-0.00935577
2009/6/10,0.00980896
2009/6/9,0.00409703
2009/6/8,0.00311978
2009/6/7,0
2009/6/6,0
2009/6/5,-0.0048887
2009/6/4,0.00488537
2009/6/3,0.02592929
2009/6/2,0.00236501
2009/6/1,0.03573926
2009/5/31,0
2009/5/30,0
2009/5/29,0
2009/5/28,0
2009/5/27,0.0146888
2009/5/26,-0.01197361
2009/5/25,0.00439307
2009/5/24,0
2009/5/23,0
2009/5/22,-0.00339271
2009/5/21,-0.02234728
2009/5/20,-0.00958072
2009/5/19,0.01049965
2009/5/18,0.00516788
2009/5/17,0
2009/5/16,0
2009/5/15,0.00126047
2009/5/14,-0.00760836
2009/5/13,0.00912657
2009/5/12,0.02320461
2009/5/11,-0.02290963
2009/5/10,0
2009/5/9,0
2009/5/8,0.00800121
2009/5/7,0.0007595
2009/5/6,0.01392367
2009/5/5,0.00468261
2009/5/4,0.03483509
2009/5/3,0
2009/5/2,0
2009/5/1,0
2009/4/30,0.00673993
2009/4/29,0.03448043
2009/4/28,0.00208492
2009/4/27,-0.02316461
2009/4/26,0
2009/4/25,0
2009/4/24,-0.00796974
2009/4/23,0.00670735
2009/4/22,-0.03706306
2009/4/21,-0.01190322
2009/4/20,0.02149629
2009/4/19,0
2009/4/18,0
2009/4/17,-0.01355359
2009/4/16,0.00004466
2009/4/15,0.00378053
2009/4/14,0.0076604
2009/4/13,0.02349809
2009/4/12,0
2009/4/11,0
2009/4/10,0.03092542
2009/4/9,0.01545566
2009/4/8,-0.03787423
2009/4/7,0.00250924
2009/4/6,0
2009/4/5,0
2009/4/4,0
2009/4/3,-0.00229002
2009/4/2,0.0110587
2009/4/1,0.01612176
2009/3/31,0.00937818
2009/3/30,-0.00577847
2009/3/29,0
2009/3/28,0
2009/3/27,0.0077184
2009/3/26,0.03267356
2009/3/25,-0.02057689
2009/3/24,0.00507502
2009/3/23,0.02502689
2009/3/22,0
2009/3/21,0
2009/3/20,-0.00114163
2009/3/19,0.02139627
2009/3/18,0.00441354
2009/3/17,0.03604106
2009/3/16,0.01640957
2009/3/15,0
2009/3/14,0
2009/3/13,-0.00463962
2009/3/12,-0.00210775
2009/3/11,-0.00910397
2009/3/10,0.01736639
2009/3/9,-0.03675795
2009/3/8,0
2009/3/7,0
2009/3/6,-0.00795689
2009/3/5,0.00865151
2009/3/4,0.06675536
2009/3/3,-0.01040343
2009/3/2,0.01129648
2009/3/1,0
2009/2/28,0
2009/2/27,-0.0226921
2009/2/26,-0.04949984
2009/2/25,0.00104264
2009/2/24,-0.04506571
2009/2/23,0.0282214
2009/2/22,0
2009/2/21,0
2009/2/20,0.01997468
2009/2/19,0.00991722
2009/2/18,-0.04588541
2009/2/17,-0.03125597
2009/2/16,0.0263352
2009/2/15,0
2009/2/14,0
2009/2/13,0.03482233
2009/2/12,-0.00549088
2009/2/11,0.00188245
2009/2/10,0.01310158
2009/2/9,0.02654563
2009/2/8,0
2009/2/7,0
2009/2/6,0.04012608
2009/2/5,-0.007127
2009/2/4,0.02726527
2009/2/3,0.02520588
2009/2/2,0.01199402
2009/2/1,0
2009/1/31,0
2009/1/30,0
2009/1/29,0
2009/1/28,0
2009/1/27,0
2009/1/26,0
2009/1/25,0
2009/1/24,0
2009/1/23,-0.00580568
2009/1/22,0.01129737
2009/1/21,-0.00171836
2009/1/20,0.00632059
2009/1/19,0.01118475
2009/1/18,0
2009/1/17,0
2009/1/16,0.01807793
2009/1/15,-0.00018924
2009/1/14,0.04213326
2009/1/13,-0.02316876
2009/1/12,0.00120936
2009/1/11,0
2009/1/10,0
2009/1/9,0.01609119
2009/1/8,-0.02236456
2009/1/7,-0.00598106
2009/1/6,0.03177975
2009/1/5,0.03589112
2009/1/4,0
2009/1/3,0
2009/1/2,0
2009/1/1,0
